name,value,year,lastValue,rank
"GFI USA, Inc.",2187670,2016.5,2187670,1
HelloFax,1816404,2016.5,1816404,2
Raintree Systems,1185803,2016.5,1185803,3
Envision Healthcare (EMSC),1156440,2016.5,1156440,4
Fidelis Care,911912,2016.5,911912,5
"gloStream, Inc.",880564,2016.5,880564,6
Agadia,857085,2016.5,857085,7
Ensocare (TLC),801830,2016.5,801830,8
MDIntelleSys,652937,2016.5,652937,9
Acumen Physician Solutions,643726,2016.5,643726,10
Alere Inc.,539400,2016.5,539400,11
"DMSi, Inc.",524047,2016.5,524047,12
Shoppers Drug Mart Inc,432093,2016.5,432093,13
Nuance - eScription,430910,2016.5,430910,14
CoreDial,407005,2016.5,407005,15
Western Union,380377,2016.5,380377,16
CID Management,341416,2016.5,341416,17
Se2,273725,2016.5,273725,18
"Applied Systems, Inc.",261430,2016.5,261430,19
Valence Health,237319,2016.5,237319,20
"Virtuox, Inc.",234827,2016.5,234827,21
IDEXX Laboratories,231496,2016.5,231496,22
DELTA DENTAL OF MISSOURI,210362,2016.5,210362,23
MedFORCE Technologies,203168,2016.5,203168,24
Maxi MS,199447,2016.5,199447,25
Delivery.com,186807,2016.5,186807,26
eHealth Technologies,172537,2016.5,172537,27
StatRad,144648,2016.5,144648,28
Exscribe Inc.,106568,2016.5,106568,29
Voluware,91333,2016.5,91333,30
Asembia,89026,2016.5,89026,31
Pop Healthcare,81445,2016.5,81445,32
"Integrated Document Solutions, Inc.",46642,2016.5,46642,33
WorldView Ltd.,13387,2016.5,13387,34
"Pulse Systems, Inc.",776,2016.5,776,35
Phoenix Ortho,33,2016.5,33,36
Nuance (Testing),12,2016.5,12,37
athenahealth,0,2016.5,0,38
"Allscripts Healthcare Solutions, Inc.",0,2016.5,0,39
GrubHub,0,2016.5,0,40
UHS,0,2016.5,0,41
SCI Solutions - PNM,0,2016.5,0,42
"DOMA Technologies, LLC",0,2016.5,0,43
Allscripts - TouchWorks,0,2016.5,0,44
Evolution Health,0,2016.5,0,45
Beyondmenu.com,0,2016.5,0,46
DataCare Corporation,0,2016.5,0,47
McFarland Clinic P.C.,0,2016.5,0,48
"EatStreet, Inc.",0,2016.5,0,49
"GFI USA, Inc.",2060803,2016.6,2187670,1
HelloFax,1735249,2016.6,1816404,2
Envision Healthcare (EMSC),1186561,2016.6,1156440,3
Raintree Systems,1166011,2016.6,1185803,4
Fidelis Care,868838,2016.6,911912,5
Ensocare (TLC),846980,2016.6,801830,6
Agadia,823737,2016.6,857085,7
"gloStream, Inc.",816324,2016.6,880564,8
Acumen Physician Solutions,657663,2016.6,643726,9
MDIntelleSys,652320,2016.6,652937,10
"DMSi, Inc.",478836,2016.6,524047,11
Nuance - eScription,473494,2016.6,430910,12
Shoppers Drug Mart Inc,442410,2016.6,432093,13
Alere Inc.,415512,2016.6,539400,14
Western Union,407939,2016.6,380377,15
CoreDial,406664,2016.6,407005,16
CID Management,305347,2016.6,341416,17
"Applied Systems, Inc.",304383,2016.6,261430,18
IDEXX Laboratories,272997,2016.6,231496,19
Valence Health,221131,2016.6,237319,20
"Virtuox, Inc.",211174,2016.6,234827,21
Maxi MS,208456,2016.6,199447,22
MedFORCE Technologies,203655,2016.6,203168,23
Delivery.com,190941,2016.6,186807,24
Se2,186981,2016.6,273725,25
eHealth Technologies,180204,2016.6,172537,26
DELTA DENTAL OF MISSOURI,173503,2016.6,210362,27
StatRad,133739,2016.6,144648,28
Exscribe Inc.,101525,2016.6,106568,29
Asembia,93963,2016.6,89026,30
Pop Healthcare,92712,2016.6,81445,31
Voluware,89966,2016.6,91333,32
"Integrated Document Solutions, Inc.",39923,2016.6,46642,33
WorldView Ltd.,19118,2016.6,13387,34
Phoenix Ortho,1524,2016.6,33,35
"Pulse Systems, Inc.",635,2016.6,776,36
Nuance (Testing),12,2016.6,12,37
athenahealth,0,2016.6,0,38
"Allscripts Healthcare Solutions, Inc.",0,2016.6,0,39
GrubHub,0,2016.6,0,40
UHS,0,2016.6,0,41
SCI Solutions - PNM,0,2016.6,0,42
"DOMA Technologies, LLC",0,2016.6,0,43
Allscripts - TouchWorks,0,2016.6,0,44
Evolution Health,0,2016.6,0,45
Beyondmenu.com,0,2016.6,0,46
DataCare Corporation,0,2016.6,0,47
McFarland Clinic P.C.,0,2016.6,0,48
"EatStreet, Inc.",0,2016.6,0,49
"GFI USA, Inc.",2076404,2016.7,2060803,1
HelloFax,1743719,2016.7,1735249,2
Raintree Systems,1175213,2016.7,1166011,3
Envision Healthcare (EMSC),1173068,2016.7,1186561,4
Ensocare (TLC),946769,2016.7,846980,5
Fidelis Care,916709,2016.7,868838,6
"gloStream, Inc.",828687,2016.7,816324,7
Agadia,696654,2016.7,823737,8
MDIntelleSys,646628,2016.7,652320,9
Acumen Physician Solutions,634892,2016.7,657663,10
Nuance - eScription,581369,2016.7,473494,11
"DMSi, Inc.",468175,2016.7,478836,12
Shoppers Drug Mart Inc,446820,2016.7,442410,13
Alere Inc.,409776,2016.7,415512,14
CoreDial,393150,2016.7,406664,15
Western Union,372018,2016.7,407939,16
CID Management,288180,2016.7,305347,17
"Applied Systems, Inc.",244225,2016.7,304383,18
Valence Health,218146,2016.7,221131,19
MedFORCE Technologies,217023,2016.7,203655,20
Maxi MS,211031,2016.7,208456,21
Delivery.com,209024,2016.7,190941,22
"Virtuox, Inc.",205589,2016.7,211174,23
IDEXX Laboratories,199240,2016.7,272997,24
DELTA DENTAL OF MISSOURI,183214,2016.7,173503,25
Se2,157818,2016.7,186981,26
eHealth Technologies,151782,2016.7,180204,27
StatRad,134915,2016.7,133739,28
Asembia,113019,2016.7,93963,29
Exscribe Inc.,103850,2016.7,101525,30
Pop Healthcare,103268,2016.7,92712,31
Voluware,100489,2016.7,89966,32
Phoenix Ortho,51566,2016.7,1524,33
"Integrated Document Solutions, Inc.",36293,2016.7,39923,34
WorldView Ltd.,24908,2016.7,19118,35
"Pulse Systems, Inc.",864,2016.7,635,36
Nuance (Testing),9,2016.7,12,37
athenahealth,0,2016.7,0,38
"Allscripts Healthcare Solutions, Inc.",0,2016.7,0,39
GrubHub,0,2016.7,0,40
UHS,0,2016.7,0,41
SCI Solutions - PNM,0,2016.7,0,42
"DOMA Technologies, LLC",0,2016.7,0,43
Allscripts - TouchWorks,0,2016.7,0,44
Evolution Health,0,2016.7,0,45
Beyondmenu.com,0,2016.7,0,46
DataCare Corporation,0,2016.7,0,47
McFarland Clinic P.C.,0,2016.7,0,48
"EatStreet, Inc.",0,2016.7,0,49
"GFI USA, Inc.",2127447,2016.8,2076404,1
HelloFax,1815549,2016.8,1743719,2
Raintree Systems,1203952,2016.8,1175213,3
Envision Healthcare (EMSC),1143347,2016.8,1173068,4
Fidelis Care,936024,2016.8,916709,5
"gloStream, Inc.",821720,2016.8,828687,6
Ensocare (TLC),774262,2016.8,946769,7
MDIntelleSys,670432,2016.8,646628,8
Nuance - eScription,661978,2016.8,581369,9
Acumen Physician Solutions,604133,2016.8,634892,10
IDEXX Laboratories,455003,2016.8,199240,11
Shoppers Drug Mart Inc,451289,2016.8,446820,12
"DMSi, Inc.",433904,2016.8,468175,13
Alere Inc.,419327,2016.8,409776,14
CoreDial,379682,2016.8,393150,15
Western Union,366585,2016.8,372018,16
CID Management,277735,2016.8,288180,17
MedFORCE Technologies,237822,2016.8,217023,18
Maxi MS,224540,2016.8,211031,19
Valence Health,221404,2016.8,218146,20
"Applied Systems, Inc.",212499,2016.8,244225,21
"Virtuox, Inc.",201539,2016.8,205589,22
DELTA DENTAL OF MISSOURI,189347,2016.8,183214,23
Delivery.com,182788,2016.8,209024,24
Agadia,178742,2016.8,696654,25
eHealth Technologies,177784,2016.8,151782,26
Se2,160921,2016.8,157818,27
Voluware,133863,2016.8,100489,28
StatRad,129789,2016.8,134915,29
Asembia,117277,2016.8,113019,30
Exscribe Inc.,107183,2016.8,103850,31
Pop Healthcare,105981,2016.8,103268,32
Phoenix Ortho,104390,2016.8,51566,33
"Integrated Document Solutions, Inc.",33432,2016.8,36293,34
WorldView Ltd.,29249,2016.8,24908,35
"Pulse Systems, Inc.",152,2016.8,864,36
Nuance (Testing),6,2016.8,9,37
athenahealth,0,2016.8,0,38
"Allscripts Healthcare Solutions, Inc.",0,2016.8,0,39
GrubHub,0,2016.8,0,40
UHS,0,2016.8,0,41
SCI Solutions - PNM,0,2016.8,0,42
"DOMA Technologies, LLC",0,2016.8,0,43
Allscripts - TouchWorks,0,2016.8,0,44
Evolution Health,0,2016.8,0,45
Beyondmenu.com,0,2016.8,0,46
DataCare Corporation,0,2016.8,0,47
McFarland Clinic P.C.,0,2016.8,0,48
"EatStreet, Inc.",0,2016.8,0,49
"GFI USA, Inc.",2117764,2016.9,2127447,1
HelloFax,1943768,2016.9,1815549,2
Envision Healthcare (EMSC),1229267,2016.9,1143347,3
Raintree Systems,1201758,2016.9,1203952,4
Fidelis Care,929170,2016.9,936024,5
Ensocare (TLC),891382,2016.9,774262,6
Nuance - eScription,784983,2016.9,661978,7
"gloStream, Inc.",766916,2016.9,821720,8
MDIntelleSys,639279,2016.9,670432,9
Acumen Physician Solutions,598029,2016.9,604133,10
Shoppers Drug Mart Inc,447443,2016.9,451289,11
Alere Inc.,408246,2016.9,419327,12
CoreDial,370716,2016.9,379682,13
Western Union,358737,2016.9,366585,14
"DMSi, Inc.",353388,2016.9,433904,15
"Applied Systems, Inc.",337685,2016.9,212499,16
IDEXX Laboratories,334780,2016.9,455003,17
eHealth Technologies,306310,2016.9,177784,18
CID Management,289773,2016.9,277735,19
Agadia,269503,2016.9,178742,20
MedFORCE Technologies,246858,2016.9,237822,21
Maxi MS,233436,2016.9,224540,22
Valence Health,219494,2016.9,221404,23
Delivery.com,210832,2016.9,182788,24
"Virtuox, Inc.",189961,2016.9,201539,25
"Allscripts Healthcare Solutions, Inc.",180925,2016.9,0,26
DELTA DENTAL OF MISSOURI,177582,2016.9,189347,27
Se2,155687,2016.9,160921,28
Voluware,151925,2016.9,133863,29
StatRad,141191,2016.9,129789,30
Phoenix Ortho,121854,2016.9,104390,31
Asembia,119150,2016.9,117277,32
Exscribe Inc.,102927,2016.9,107183,33
Pop Healthcare,94427,2016.9,105981,34
Beyondmenu.com,48950,2016.9,0,35
WorldView Ltd.,41401,2016.9,29249,36
"Integrated Document Solutions, Inc.",33860,2016.9,33432,37
"Pulse Systems, Inc.",239,2016.9,152,38
Nuance (Testing),16,2016.9,6,39
athenahealth,0,2016.9,0,40
GrubHub,0,2016.9,0,41
UHS,0,2016.9,0,42
SCI Solutions - PNM,0,2016.9,0,43
"DOMA Technologies, LLC",0,2016.9,0,44
Allscripts - TouchWorks,0,2016.9,0,45
Evolution Health,0,2016.9,0,46
DataCare Corporation,0,2016.9,0,47
McFarland Clinic P.C.,0,2016.9,0,48
"EatStreet, Inc.",0,2016.9,0,49
"GFI USA, Inc.",2197905,2017.1,2117764,1
HelloFax,2067222,2017.1,1943768,2
"Allscripts Healthcare Solutions, Inc.",1784762,2017.1,180925,3
Envision Healthcare (EMSC),1291887,2017.1,1229267,4
Raintree Systems,1279678,2017.1,1201758,5
Fidelis Care,1034202,2017.1,929170,6
Ensocare (TLC),858634,2017.1,891382,7
"gloStream, Inc.",818929,2017.1,766916,8
Nuance - eScription,818257,2017.1,784983,9
MDIntelleSys,703205,2017.1,639279,10
eHealth Technologies,647376,2017.1,306310,11
Acumen Physician Solutions,623409,2017.1,598029,12
Beyondmenu.com,538878,2017.1,48950,13
Shoppers Drug Mart Inc,464646,2017.1,447443,14
Alere Inc.,434760,2017.1,408246,15
CoreDial,408020,2017.1,370716,16
Agadia,388171,2017.1,269503,17
"DMSi, Inc.",380535,2017.1,353388,18
Western Union,358259,2017.1,358737,19
IDEXX Laboratories,353107,2017.1,334780,20
DELTA DENTAL OF MISSOURI,297443,2017.1,177582,21
CID Management,274514,2017.1,289773,22
MedFORCE Technologies,270407,2017.1,246858,23
Valence Health,259802,2017.1,219494,24
"Applied Systems, Inc.",238716,2017.1,337685,25
Delivery.com,211555,2017.1,210832,26
"Virtuox, Inc.",210681,2017.1,189961,27
Maxi MS,202877,2017.1,233436,28
Voluware,169884,2017.1,151925,29
Se2,162394,2017.1,155687,30
StatRad,149972,2017.1,141191,31
Asembia,131833,2017.1,119150,32
Phoenix Ortho,130244,2017.1,121854,33
Exscribe Inc.,114997,2017.1,102927,34
Pop Healthcare,49481,2017.1,94427,35
WorldView Ltd.,45786,2017.1,41401,36
"Integrated Document Solutions, Inc.",31335,2017.1,33860,37
"Pulse Systems, Inc.",15,2017.1,239,38
Nuance (Testing),8,2017.1,16,39
athenahealth,0,2017.1,0,40
GrubHub,0,2017.1,0,41
UHS,0,2017.1,0,42
SCI Solutions - PNM,0,2017.1,0,43
"DOMA Technologies, LLC",0,2017.1,0,44
Allscripts - TouchWorks,0,2017.1,0,45
Evolution Health,0,2017.1,0,46
DataCare Corporation,0,2017.1,0,47
McFarland Clinic P.C.,0,2017.1,0,48
"EatStreet, Inc.",0,2017.1,0,49
"Allscripts Healthcare Solutions, Inc.",3515886,2017.2,1784762,1
"GFI USA, Inc.",2119245,2017.2,2197905,2
HelloFax,1557605,2017.2,2067222,3
Raintree Systems,1198893,2017.2,1279678,4
Envision Healthcare (EMSC),1166032,2017.2,1291887,5
Fidelis Care,966247,2017.2,1034202,6
Ensocare (TLC),862115,2017.2,858634,7
Nuance - eScription,800915,2017.2,818257,8
"gloStream, Inc.",773215,2017.2,818929,9
MDIntelleSys,658629,2017.2,703205,10
eHealth Technologies,647180,2017.2,647376,11
Acumen Physician Solutions,607033,2017.2,623409,12
Beyondmenu.com,493082,2017.2,538878,13
Shoppers Drug Mart Inc,405656,2017.2,464646,14
CoreDial,393908,2017.2,408020,15
Alere Inc.,392927,2017.2,434760,16
"DMSi, Inc.",375065,2017.2,380535,17
Agadia,363015,2017.2,388171,18
IDEXX Laboratories,356370,2017.2,353107,19
Western Union,322832,2017.2,358259,20
MedFORCE Technologies,286803,2017.2,270407,21
CID Management,274204,2017.2,274514,22
Valence Health,247991,2017.2,259802,23
DELTA DENTAL OF MISSOURI,234642,2017.2,297443,24
"Applied Systems, Inc.",232611,2017.2,238716,25
"Virtuox, Inc.",214049,2017.2,210681,26
Maxi MS,195463,2017.2,202877,27
Delivery.com,189567,2017.2,211555,28
Se2,176008,2017.2,162394,29
Voluware,157637,2017.2,169884,30
StatRad,145616,2017.2,149972,31
Asembia,143029,2017.2,131833,32
Phoenix Ortho,133589,2017.2,130244,33
Exscribe Inc.,110870,2017.2,114997,34
WorldView Ltd.,67137,2017.2,45786,35
Pop Healthcare,66600,2017.2,49481,36
"Integrated Document Solutions, Inc.",26148,2017.2,31335,37
"Pulse Systems, Inc.",39,2017.2,15,38
athenahealth,0,2017.2,0,39
GrubHub,0,2017.2,0,40
UHS,0,2017.2,0,41
SCI Solutions - PNM,0,2017.2,0,42
"DOMA Technologies, LLC",0,2017.2,0,43
Allscripts - TouchWorks,0,2017.2,0,44
Evolution Health,0,2017.2,0,45
Nuance (Testing),0,2017.2,8,46
DataCare Corporation,0,2017.2,0,47
McFarland Clinic P.C.,0,2017.2,0,48
"EatStreet, Inc.",0,2017.2,0,49
"Allscripts Healthcare Solutions, Inc.",6915862,2017.27,3515886,1
"GFI USA, Inc.",2435639,2017.27,2119245,2
HelloFax,1760676,2017.27,1557605,3
Raintree Systems,1419318,2017.27,1198893,4
Envision Healthcare (EMSC),1291918,2017.27,1166032,5
Fidelis Care,1147079,2017.27,966247,6
Ensocare (TLC),1016361,2017.27,862115,7
Nuance - eScription,898476,2017.27,800915,8
"gloStream, Inc.",883244,2017.27,773215,9
eHealth Technologies,808158,2017.27,647180,10
MDIntelleSys,755761,2017.27,658629,11
Acumen Physician Solutions,689435,2017.27,607033,12
Beyondmenu.com,597408,2017.27,493082,13
CoreDial,487332,2017.27,393908,14
Shoppers Drug Mart Inc,449566,2017.27,405656,15
"DMSi, Inc.",444291,2017.27,375065,16
Alere Inc.,441004,2017.27,392927,17
IDEXX Laboratories,439087,2017.27,356370,18
Agadia,380735,2017.27,363015,19
Western Union,372567,2017.27,322832,20
MedFORCE Technologies,344676,2017.27,286803,21
CID Management,309011,2017.27,274204,22
"Applied Systems, Inc.",305809,2017.27,232611,23
Valence Health,293744,2017.27,247991,24
"Virtuox, Inc.",288398,2017.27,214049,25
DELTA DENTAL OF MISSOURI,256787,2017.27,234642,26
Maxi MS,224669,2017.27,195463,27
Delivery.com,216196,2017.27,189567,28
Se2,211768,2017.27,176008,29
Voluware,206842,2017.27,157637,30
WorldView Ltd.,202417,2017.27,67137,31
StatRad,163936,2017.27,145616,32
Phoenix Ortho,161003,2017.27,133589,33
Asembia,158933,2017.27,143029,34
Exscribe Inc.,143418,2017.27,110870,35
Pop Healthcare,111206,2017.27,66600,36
"Integrated Document Solutions, Inc.",28830,2017.27,26148,37
"Pulse Systems, Inc.",54,2017.27,39,38
athenahealth,0,2017.27,0,39
GrubHub,0,2017.27,0,40
UHS,0,2017.27,0,41
SCI Solutions - PNM,0,2017.27,0,42
"DOMA Technologies, LLC",0,2017.27,0,43
Allscripts - TouchWorks,0,2017.27,0,44
Evolution Health,0,2017.27,0,45
Nuance (Testing),0,2017.27,0,46
DataCare Corporation,0,2017.27,0,47
McFarland Clinic P.C.,0,2017.27,0,48
"EatStreet, Inc.",0,2017.27,0,49
"Allscripts Healthcare Solutions, Inc.",7691474,2017.32,6915862,1
"GFI USA, Inc.",2113826,2017.32,2435639,2
HelloFax,1552060,2017.32,1760676,3
Raintree Systems,1260445,2017.32,1419318,4
Envision Healthcare (EMSC),1213885,2017.32,1291918,5
Fidelis Care,970443,2017.32,1147079,6
Nuance - eScription,887757,2017.32,898476,7
eHealth Technologies,804149,2017.32,808158,8
"gloStream, Inc.",780393,2017.32,883244,9
Ensocare (TLC),765468,2017.32,1016361,10
MDIntelleSys,709120,2017.32,755761,11
Acumen Physician Solutions,621129,2017.32,689435,12
Alere Inc.,506721,2017.32,441004,13
IDEXX Laboratories,429484,2017.32,439087,14
Shoppers Drug Mart Inc,427320,2017.32,449566,15
CoreDial,421925,2017.32,487332,16
"DMSi, Inc.",415238,2017.32,444291,17
Beyondmenu.com,395054,2017.32,597408,18
WorldView Ltd.,326345,2017.32,202417,19
MedFORCE Technologies,321779,2017.32,344676,20
Agadia,315205,2017.32,380735,21
Western Union,313297,2017.32,372567,22
"Applied Systems, Inc.",277165,2017.32,305809,23
CID Management,272354,2017.32,309011,24
"Virtuox, Inc.",266378,2017.32,288398,25
Valence Health,259696,2017.32,293744,26
DELTA DENTAL OF MISSOURI,234371,2017.32,256787,27
Voluware,208289,2017.32,206842,28
Maxi MS,208080,2017.32,224669,29
Delivery.com,196330,2017.32,216196,30
Se2,169901,2017.32,211768,31
StatRad,164157,2017.32,163936,32
Phoenix Ortho,148455,2017.32,161003,33
"Integrated Document Solutions, Inc.",136783,2017.32,28830,34
Asembia,135336,2017.32,158933,35
Exscribe Inc.,124559,2017.32,143418,36
Pop Healthcare,56928,2017.32,111206,37
"EatStreet, Inc.",695,2017.32,0,38
"Pulse Systems, Inc.",156,2017.32,54,39
Nuance (Testing),84,2017.32,0,40
athenahealth,0,2017.32,0,41
GrubHub,0,2017.32,0,42
UHS,0,2017.32,0,43
SCI Solutions - PNM,0,2017.32,0,44
"DOMA Technologies, LLC",0,2017.32,0,45
Allscripts - TouchWorks,0,2017.32,0,46
Evolution Health,0,2017.32,0,47
DataCare Corporation,0,2017.32,0,48
McFarland Clinic P.C.,0,2017.32,0,49
"Allscripts Healthcare Solutions, Inc.",8279971,2017.37,7691474,1
"GFI USA, Inc.",2361473,2017.37,2113826,2
HelloFax,1738623,2017.37,1552060,3
Raintree Systems,1421762,2017.37,1260445,4
Envision Healthcare (EMSC),1283359,2017.37,1213885,5
Fidelis Care,1101654,2017.37,970443,6
Nuance - eScription,1031364,2017.37,887757,7
Ensocare (TLC),960901,2017.37,765468,8
"gloStream, Inc.",864491,2017.37,780393,9
eHealth Technologies,833861,2017.37,804149,10
MDIntelleSys,786558,2017.37,709120,11
Acumen Physician Solutions,686616,2017.37,621129,12
IDEXX Laboratories,498071,2017.37,429484,13
CoreDial,486611,2017.37,421925,14
Shoppers Drug Mart Inc,480016,2017.37,427320,15
"DMSi, Inc.",475819,2017.37,415238,16
Alere Inc.,457478,2017.37,506721,17
WorldView Ltd.,356201,2017.37,326345,18
Agadia,342639,2017.37,315205,19
Western Union,332984,2017.37,313297,20
MedFORCE Technologies,304583,2017.37,321779,21
CID Management,301822,2017.37,272354,22
"Virtuox, Inc.",294709,2017.37,266378,23
Beyondmenu.com,290983,2017.37,395054,24
Voluware,289206,2017.37,208289,25
"Integrated Document Solutions, Inc.",280275,2017.37,136783,26
Valence Health,278006,2017.37,259696,27
"Applied Systems, Inc.",276167,2017.37,277165,28
DELTA DENTAL OF MISSOURI,247098,2017.37,234371,29
Maxi MS,217525,2017.37,208080,30
Delivery.com,192830,2017.37,196330,31
Se2,192240,2017.37,169901,32
"EatStreet, Inc.",181463,2017.37,695,33
Phoenix Ortho,172686,2017.37,148455,34
StatRad,169622,2017.37,164157,35
Asembia,155153,2017.37,135336,36
Exscribe Inc.,142796,2017.37,124559,37
Pop Healthcare,83615,2017.37,56928,38
GrubHub,52061,2017.37,0,39
McFarland Clinic P.C.,3184,2017.37,0,40
"Pulse Systems, Inc.",175,2017.37,156,41
athenahealth,0,2017.37,0,42
UHS,0,2017.37,0,43
SCI Solutions - PNM,0,2017.37,0,44
"DOMA Technologies, LLC",0,2017.37,0,45
Allscripts - TouchWorks,0,2017.37,0,46
Evolution Health,0,2017.37,0,47
Nuance (Testing),0,2017.37,84,48
DataCare Corporation,0,2017.37,0,49
"Allscripts Healthcare Solutions, Inc.",9531496,2017.43,8279971,1
"GFI USA, Inc.",2377035,2017.43,2361473,2
HelloFax,1708062,2017.43,1738623,3
Raintree Systems,1405006,2017.43,1421762,4
Envision Healthcare (EMSC),1240015,2017.43,1283359,5
Fidelis Care,1064475,2017.43,1101654,6
Ensocare (TLC),985216,2017.43,960901,7
eHealth Technologies,896813,2017.43,833861,8
Nuance - eScription,890274,2017.43,1031364,9
"gloStream, Inc.",853831,2017.43,864491,10
MDIntelleSys,779331,2017.43,786558,11
Acumen Physician Solutions,677176,2017.43,686616,12
CoreDial,488263,2017.43,486611,13
"DMSi, Inc.",487630,2017.43,475819,14
Shoppers Drug Mart Inc,466453,2017.43,480016,15
IDEXX Laboratories,463474,2017.43,498071,16
WorldView Ltd.,438120,2017.43,356201,17
Alere Inc.,430352,2017.43,457478,18
Beyondmenu.com,380181,2017.43,290983,19
Agadia,332691,2017.43,342639,20
MedFORCE Technologies,331321,2017.43,304583,21
Voluware,303425,2017.43,289206,22
"Integrated Document Solutions, Inc.",300013,2017.43,280275,23
CID Management,298041,2017.43,301822,24
"Virtuox, Inc.",294223,2017.43,294709,25
Western Union,293514,2017.43,332984,26
"Applied Systems, Inc.",277743,2017.43,276167,27
Valence Health,277650,2017.43,278006,28
DELTA DENTAL OF MISSOURI,237979,2017.43,247098,29
GrubHub,216348,2017.43,52061,30
Maxi MS,198967,2017.43,217525,31
Se2,189073,2017.43,192240,32
Phoenix Ortho,184766,2017.43,172686,33
Delivery.com,181697,2017.43,192830,34
"EatStreet, Inc.",180243,2017.43,181463,35
StatRad,165521,2017.43,169622,36
Asembia,154180,2017.43,155153,37
Exscribe Inc.,136513,2017.43,142796,38
Pop Healthcare,86086,2017.43,83615,39
McFarland Clinic P.C.,28688,2017.43,3184,40
athenahealth,0,2017.43,0,41
UHS,0,2017.43,0,42
SCI Solutions - PNM,0,2017.43,0,43
"DOMA Technologies, LLC",0,2017.43,0,44
Allscripts - TouchWorks,0,2017.43,0,45
Evolution Health,0,2017.43,0,46
Nuance (Testing),0,2017.43,0,47
DataCare Corporation,0,2017.43,0,48
"Pulse Systems, Inc.",0,2017.43,175,49
"Allscripts Healthcare Solutions, Inc.",9517200,2017.5,9531496,1
"GFI USA, Inc.",2134607,2017.5,2377035,2
HelloFax,1632697,2017.5,1708062,3
Raintree Systems,1340826,2017.5,1405006,4
Envision Healthcare (EMSC),1226019,2017.5,1240015,5
Fidelis Care,1044391,2017.5,1064475,6
Ensocare (TLC),916128,2017.5,985216,7
eHealth Technologies,809138,2017.5,896813,8
"gloStream, Inc.",755194,2017.5,853831,9
MDIntelleSys,696289,2017.5,779331,10
UHS,606507,2017.5,0,11
Acumen Physician Solutions,572367,2017.5,677176,12
WorldView Ltd.,494770,2017.5,438120,13
Shoppers Drug Mart Inc,470984,2017.5,466453,14
CoreDial,458092,2017.5,488263,15
IDEXX Laboratories,446630,2017.5,463474,16
"DMSi, Inc.",433168,2017.5,487630,17
Nuance - eScription,421647,2017.5,890274,18
Alere Inc.,419599,2017.5,430352,19
Agadia,316645,2017.5,332691,20
MedFORCE Technologies,296031,2017.5,331321,21
"Integrated Document Solutions, Inc.",285425,2017.5,300013,22
Voluware,279668,2017.5,303425,23
Western Union,272686,2017.5,293514,24
CID Management,272108,2017.5,298041,25
"Virtuox, Inc.",262312,2017.5,294223,26
Valence Health,259833,2017.5,277650,27
Beyondmenu.com,241679,2017.5,380181,28
Maxi MS,208805,2017.5,198967,29
DELTA DENTAL OF MISSOURI,205283,2017.5,237979,30
"Applied Systems, Inc.",203808,2017.5,277743,31
StatRad,192434,2017.5,165521,32
Delivery.com,185344,2017.5,181697,33
"EatStreet, Inc.",174618,2017.5,180243,34
Phoenix Ortho,161246,2017.5,184766,35
Se2,158912,2017.5,189073,36
Asembia,137606,2017.5,154180,37
Exscribe Inc.,133774,2017.5,136513,38
DataCare Corporation,92202,2017.5,0,39
Pop Healthcare,75972,2017.5,86086,40
McFarland Clinic P.C.,61539,2017.5,28688,41
GrubHub,609,2017.5,216348,42
"Pulse Systems, Inc.",240,2017.5,0,43
Nuance (Testing),36,2017.5,0,44
athenahealth,0,2017.5,0,45
SCI Solutions - PNM,0,2017.5,0,46
"DOMA Technologies, LLC",0,2017.5,0,47
Allscripts - TouchWorks,0,2017.5,0,48
Evolution Health,0,2017.5,0,49
"Allscripts Healthcare Solutions, Inc.",10148677,2017.57,9517200,1
"GFI USA, Inc.",2466528,2017.57,2134607,2
HelloFax,1805990,2017.57,1632697,3
Nuance - eScription,1529908,2017.57,421647,4
Raintree Systems,1515710,2017.57,1340826,5
Envision Healthcare (EMSC),1213367,2017.57,1226019,6
Fidelis Care,1187052,2017.57,1044391,7
Ensocare (TLC),1118068,2017.57,916128,8
eHealth Technologies,908805,2017.57,809138,9
"gloStream, Inc.",886892,2017.57,755194,10
MDIntelleSys,810415,2017.57,696289,11
UHS,697665,2017.57,606507,12
Acumen Physician Solutions,679741,2017.57,572367,13
WorldView Ltd.,635590,2017.57,494770,14
CoreDial,523065,2017.57,458092,15
"DMSi, Inc.",501049,2017.57,433168,16
Shoppers Drug Mart Inc,490517,2017.57,470984,17
Alere Inc.,460698,2017.57,419599,18
IDEXX Laboratories,460683,2017.57,446630,19
Agadia,386532,2017.57,316645,20
MedFORCE Technologies,349143,2017.57,296031,21
Voluware,331271,2017.57,279668,22
"Virtuox, Inc.",326390,2017.57,262312,23
"Integrated Document Solutions, Inc.",312488,2017.57,285425,24
Valence Health,301976,2017.57,259833,25
CID Management,298497,2017.57,272108,26
Western Union,291182,2017.57,272686,27
Beyondmenu.com,263650,2017.57,241679,28
"Applied Systems, Inc.",243710,2017.57,203808,29
DELTA DENTAL OF MISSOURI,228770,2017.57,205283,30
DataCare Corporation,217238,2017.57,92202,31
Maxi MS,204607,2017.57,208805,32
McFarland Clinic P.C.,199899,2017.57,61539,33
Se2,198814,2017.57,158912,34
Phoenix Ortho,190716,2017.57,161246,35
StatRad,187218,2017.57,192434,36
"EatStreet, Inc.",186219,2017.57,174618,37
Delivery.com,185541,2017.57,185344,38
Asembia,175336,2017.57,137606,39
Exscribe Inc.,169661,2017.57,133774,40
Pop Healthcare,102159,2017.57,75972,41
SCI Solutions - PNM,52403,2017.57,0,42
GrubHub,30965,2017.57,609,43
"Pulse Systems, Inc.",2881,2017.57,240,44
Nuance (Testing),9,2017.57,36,45
athenahealth,0,2017.57,0,46
"DOMA Technologies, LLC",0,2017.57,0,47
Allscripts - TouchWorks,0,2017.57,0,48
Evolution Health,0,2017.57,0,49
"Allscripts Healthcare Solutions, Inc.",9258842,2017.66,10148677,1
"GFI USA, Inc.",2269292,2017.66,2466528,2
HelloFax,1499060,2017.66,1805990,3
Nuance - eScription,1462882,2017.66,1529908,4
SCI Solutions - PNM,1436398,2017.66,52403,5
GrubHub,1362514,2017.66,30965,6
Raintree Systems,1340854,2017.66,1515710,7
Envision Healthcare (EMSC),1148031,2017.66,1213367,8
Ensocare (TLC),1045769,2017.66,1118068,9
Fidelis Care,1004286,2017.66,1187052,10
eHealth Technologies,768402,2017.66,908805,11
UHS,761713,2017.66,697665,12
MDIntelleSys,749684,2017.66,810415,13
"gloStream, Inc.",730043,2017.66,886892,14
WorldView Ltd.,694840,2017.66,635590,15
Acumen Physician Solutions,630672,2017.66,679741,16
Shoppers Drug Mart Inc,464427,2017.66,490517,17
CoreDial,451333,2017.66,523065,18
"DMSi, Inc.",444818,2017.66,501049,19
IDEXX Laboratories,423759,2017.66,460683,20
Alere Inc.,421111,2017.66,460698,21
Agadia,365538,2017.66,386532,22
MedFORCE Technologies,317393,2017.66,349143,23
Voluware,292248,2017.66,331271,24
"Virtuox, Inc.",277538,2017.66,326390,25
Valence Health,262042,2017.66,301976,26
Western Union,258433,2017.66,291182,27
"Integrated Document Solutions, Inc.",257413,2017.66,312488,28
CID Management,256235,2017.66,298497,29
Beyondmenu.com,247128,2017.66,263650,30
"Applied Systems, Inc.",244897,2017.66,243710,31
McFarland Clinic P.C.,212415,2017.66,199899,32
DataCare Corporation,207338,2017.66,217238,33
"EatStreet, Inc.",206188,2017.66,186219,34
Maxi MS,200407,2017.66,204607,35
Se2,192280,2017.66,198814,36
StatRad,188018,2017.66,187218,37
Delivery.com,187838,2017.66,185541,38
DELTA DENTAL OF MISSOURI,178600,2017.66,228770,39
Phoenix Ortho,174788,2017.66,190716,40
Asembia,145938,2017.66,175336,41
Exscribe Inc.,139455,2017.66,169661,42
Pop Healthcare,102465,2017.66,102159,43
"Pulse Systems, Inc.",2582,2017.66,2881,44
Nuance (Testing),11,2017.66,9,45
athenahealth,0,2017.66,0,46
"DOMA Technologies, LLC",0,2017.66,0,47
Allscripts - TouchWorks,0,2017.66,0,48
Evolution Health,0,2017.66,0,49
"Allscripts Healthcare Solutions, Inc.",10337576,2017.73,9258842,1
"GFI USA, Inc.",2510919,2017.73,2269292,2
GrubHub,2256469,2017.73,1362514,3
SCI Solutions - PNM,1770713,2017.73,1436398,4
HelloFax,1758285,2017.73,1499060,5
Nuance - eScription,1680598,2017.73,1462882,6
Raintree Systems,1552756,2017.73,1340854,7
Envision Healthcare (EMSC),1165035,2017.73,1148031,8
Fidelis Care,1115408,2017.73,1004286,9
Ensocare (TLC),1056927,2017.73,1045769,10
eHealth Technologies,918870,2017.73,768402,11
UHS,858294,2017.73,761713,12
WorldView Ltd.,857928,2017.73,694840,13
MDIntelleSys,853633,2017.73,749684,14
"gloStream, Inc.",770807,2017.73,730043,15
Acumen Physician Solutions,721183,2017.73,630672,16
Agadia,560664,2017.73,365538,17
CoreDial,534766,2017.73,451333,18
Alere Inc.,512042,2017.73,421111,19
Shoppers Drug Mart Inc,488538,2017.73,464427,20
"DMSi, Inc.",464429,2017.73,444818,21
IDEXX Laboratories,388852,2017.73,423759,22
MedFORCE Technologies,364659,2017.73,317393,23
Voluware,319534,2017.73,292248,24
Se2,315059,2017.73,192280,25
"Integrated Document Solutions, Inc.",313212,2017.73,257413,26
"Virtuox, Inc.",303745,2017.73,277538,27
Valence Health,287697,2017.73,262042,28
Western Union,286949,2017.73,258433,29
Beyondmenu.com,271613,2017.73,247128,30
CID Management,266384,2017.73,256235,31
"EatStreet, Inc.",247772,2017.73,206188,32
DataCare Corporation,237124,2017.73,207338,33
McFarland Clinic P.C.,227914,2017.73,212415,34
Phoenix Ortho,218349,2017.73,174788,35
Maxi MS,211973,2017.73,200407,36
DELTA DENTAL OF MISSOURI,209749,2017.73,178600,37
"Applied Systems, Inc.",207651,2017.73,244897,38
Delivery.com,205964,2017.73,187838,39
StatRad,186080,2017.73,188018,40
Exscribe Inc.,174395,2017.73,139455,41
Asembia,153153,2017.73,145938,42
Pop Healthcare,136585,2017.73,102465,43
"Pulse Systems, Inc.",2670,2017.73,2582,44
Nuance (Testing),4,2017.73,11,45
athenahealth,0,2017.73,0,46
"DOMA Technologies, LLC",0,2017.73,0,47
Allscripts - TouchWorks,0,2017.73,0,48
Evolution Health,0,2017.73,0,49
"Allscripts Healthcare Solutions, Inc.",9731155,2017.8,10337576,1
"GFI USA, Inc.",2382589,2017.8,2510919,2
GrubHub,1777096,2017.8,2256469,3
Nuance - eScription,1675217,2017.8,1680598,4
SCI Solutions - PNM,1632706,2017.8,1770713,5
HelloFax,1603367,2017.8,1758285,6
Raintree Systems,1584859,2017.8,1552756,7
Envision Healthcare (EMSC),1126221,2017.8,1165035,8
WorldView Ltd.,1118867,2017.8,857928,9
Ensocare (TLC),1101302,2017.8,1056927,10
Fidelis Care,1082379,2017.8,1115408,11
IDEXX Laboratories,986083,2017.8,388852,12
eHealth Technologies,852822,2017.8,918870,13
UHS,822458,2017.8,858294,14
MDIntelleSys,790547,2017.8,853633,15
"gloStream, Inc.",735261,2017.8,770807,16
Acumen Physician Solutions,629435,2017.8,721183,17
Agadia,566324,2017.8,560664,18
CoreDial,498046,2017.8,534766,19
Shoppers Drug Mart Inc,472612,2017.8,488538,20
Alere Inc.,456810,2017.8,512042,21
"DMSi, Inc.",395917,2017.8,464429,22
Valence Health,343103,2017.8,287697,23
MedFORCE Technologies,342840,2017.8,364659,24
Se2,310704,2017.8,315059,25
Western Union,299611,2017.8,286949,26
"Integrated Document Solutions, Inc.",297581,2017.8,313212,27
Voluware,296501,2017.8,319534,28
"Virtuox, Inc.",281818,2017.8,303745,29
Beyondmenu.com,269420,2017.8,271613,30
CID Management,252835,2017.8,266384,31
"EatStreet, Inc.",228458,2017.8,247772,32
DataCare Corporation,222980,2017.8,237124,33
McFarland Clinic P.C.,214058,2017.8,227914,34
Phoenix Ortho,208287,2017.8,218349,35
DELTA DENTAL OF MISSOURI,203918,2017.8,209749,36
Delivery.com,193986,2017.8,205964,37
Pop Healthcare,187871,2017.8,136585,38
Maxi MS,185968,2017.8,211973,39
StatRad,178281,2017.8,186080,40
"Applied Systems, Inc.",177524,2017.8,207651,41
Exscribe Inc.,175498,2017.8,174395,42
Asembia,150748,2017.8,153153,43
"Pulse Systems, Inc.",4112,2017.8,2670,44
Nuance (Testing),17,2017.8,4,45
athenahealth,0,2017.8,0,46
"DOMA Technologies, LLC",0,2017.8,0,47
Allscripts - TouchWorks,0,2017.8,0,48
Evolution Health,0,2017.8,0,49
"Allscripts Healthcare Solutions, Inc.",9647109,2017.9,9731155,1
GrubHub,2906804,2017.9,1777096,2
"GFI USA, Inc.",2218128,2017.9,2382589,3
Nuance - eScription,1712392,2017.9,1675217,4
IDEXX Laboratories,1610536,2017.9,986083,5
Raintree Systems,1555331,2017.9,1584859,6
SCI Solutions - PNM,1510148,2017.9,1632706,7
HelloFax,1498543,2017.9,1603367,8
Envision Healthcare (EMSC),1191300,2017.9,1126221,9
WorldView Ltd.,1164230,2017.9,1118867,10
Ensocare (TLC),1153044,2017.9,1101302,11
Fidelis Care,1005480,2017.9,1082379,12
eHealth Technologies,782686,2017.9,852822,13
MDIntelleSys,756386,2017.9,790547,14
UHS,730703,2017.9,822458,15
"gloStream, Inc.",675292,2017.9,735261,16
Acumen Physician Solutions,605520,2017.9,629435,17
Agadia,582584,2017.9,566324,18
CoreDial,495849,2017.9,498046,19
Shoppers Drug Mart Inc,454390,2017.9,472612,20
Alere Inc.,440024,2017.9,456810,21
MedFORCE Technologies,341703,2017.9,342840,22
Valence Health,336244,2017.9,343103,23
"DMSi, Inc.",325651,2017.9,395917,24
Beyondmenu.com,296657,2017.9,269420,25
Voluware,296173,2017.9,296501,26
Se2,289863,2017.9,310704,27
Western Union,285116,2017.9,299611,28
"Applied Systems, Inc.",266538,2017.9,177524,29
"Integrated Document Solutions, Inc.",265209,2017.9,297581,30
"Virtuox, Inc.",257308,2017.9,281818,31
CID Management,250137,2017.9,252835,32
DataCare Corporation,245071,2017.9,222980,33
"EatStreet, Inc.",243123,2017.9,228458,34
Maxi MS,202994,2017.9,185968,35
Delivery.com,198175,2017.9,193986,36
McFarland Clinic P.C.,193944,2017.9,214058,37
StatRad,193170,2017.9,178281,38
Phoenix Ortho,189802,2017.9,208287,39
DELTA DENTAL OF MISSOURI,179001,2017.9,203918,40
Pop Healthcare,163710,2017.9,187871,41
Exscribe Inc.,162551,2017.9,175498,42
Asembia,134104,2017.9,150748,43
"Pulse Systems, Inc.",30823,2017.9,4112,44
Nuance (Testing),131,2017.9,17,45
Allscripts - TouchWorks,7,2017.9,0,46
athenahealth,0,2017.9,0,47
"DOMA Technologies, LLC",0,2017.9,0,48
Evolution Health,0,2017.9,0,49
"Allscripts Healthcare Solutions, Inc.",11476670,2018,9647109,1
GrubHub,2773094,2018,2906804,2
"GFI USA, Inc.",2484879,2018,2218128,3
Nuance - eScription,1774539,2018,1712392,4
HelloFax,1764745,2018,1498543,5
Raintree Systems,1761923,2018,1555331,6
SCI Solutions - PNM,1748116,2018,1510148,7
IDEXX Laboratories,1605801,2018,1610536,8
WorldView Ltd.,1382152,2018,1164230,9
Envision Healthcare (EMSC),1264004,2018,1191300,10
Ensocare (TLC),1258428,2018,1153044,11
Fidelis Care,1082740,2018,1005480,12
eHealth Technologies,934349,2018,782686,13
Agadia,919666,2018,582584,14
UHS,912604,2018,730703,15
MDIntelleSys,867196,2018,756386,16
"gloStream, Inc.",743094,2018,675292,17
Acumen Physician Solutions,660861,2018,605520,18
CoreDial,560408,2018,495849,19
Alere Inc.,495535,2018,440024,20
Shoppers Drug Mart Inc,493749,2018,454390,21
Valence Health,491395,2018,336244,22
MedFORCE Technologies,376435,2018,341703,23
Voluware,348792,2018,296173,24
"DMSi, Inc.",344610,2018,325651,25
Se2,334658,2018,289863,26
DELTA DENTAL OF MISSOURI,307099,2018,179001,27
Western Union,290265,2018,285116,28
DataCare Corporation,290183,2018,245071,29
Beyondmenu.com,290069,2018,296657,30
"Virtuox, Inc.",284851,2018,257308,31
CID Management,253657,2018,250137,32
"Integrated Document Solutions, Inc.",248494,2018,265209,33
"Applied Systems, Inc.",238249,2018,266538,34
"EatStreet, Inc.",234705,2018,243123,35
McFarland Clinic P.C.,228324,2018,193944,36
Phoenix Ortho,214507,2018,189802,37
Delivery.com,201158,2018,198175,38
Exscribe Inc.,199810,2018,162551,39
StatRad,194502,2018,193170,40
Maxi MS,167962,2018,202994,41
Asembia,166305,2018,134104,42
Pop Healthcare,114088,2018,163710,43
"Pulse Systems, Inc.",60850,2018,30823,44
Nuance (Testing),476,2018,131,45
Allscripts - TouchWorks,13,2018,7,46
athenahealth,0,2018,0,47
"DOMA Technologies, LLC",0,2018,0,48
Evolution Health,0,2018,0,49
"Allscripts Healthcare Solutions, Inc.",10780544,2018.1,11476670,1
GrubHub,3290571,2018.1,2773094,2
"GFI USA, Inc.",2661508,2018.1,2484879,3
HelloFax,1888402,2018.1,1764745,4
Raintree Systems,1829729,2018.1,1761923,5
SCI Solutions - PNM,1773734,2018.1,1748116,6
IDEXX Laboratories,1735461,2018.1,1605801,7
Nuance - eScription,1711671,2018.1,1774539,8
WorldView Ltd.,1579568,2018.1,1382152,9
Ensocare (TLC),1189556,2018.1,1258428,10
UHS,1170841,2018.1,912604,11
Envision Healthcare (EMSC),1146714,2018.1,1264004,12
Fidelis Care,1143812,2018.1,1082740,13
Agadia,968880,2018.1,919666,14
eHealth Technologies,967656,2018.1,934349,15
MDIntelleSys,893402,2018.1,867196,16
Acumen Physician Solutions,719634,2018.1,660861,17
"gloStream, Inc.",700633,2018.1,743094,18
CoreDial,599263,2018.1,560408,19
Alere Inc.,473291,2018.1,495535,20
Shoppers Drug Mart Inc,472115,2018.1,493749,21
Voluware,429464,2018.1,348792,22
Valence Health,429203,2018.1,491395,23
MedFORCE Technologies,392659,2018.1,376435,24
Beyondmenu.com,378920,2018.1,290069,25
"DMSi, Inc.",378034,2018.1,344610,26
Se2,362353,2018.1,334658,27
DataCare Corporation,332150,2018.1,290183,28
Western Union,329716,2018.1,290265,29
"Virtuox, Inc.",317555,2018.1,284851,30
"Integrated Document Solutions, Inc.",284738,2018.1,248494,31
"Applied Systems, Inc.",277586,2018.1,238249,32
CID Management,274754,2018.1,253657,33
Phoenix Ortho,251502,2018.1,214507,34
"EatStreet, Inc.",248545,2018.1,234705,35
DELTA DENTAL OF MISSOURI,246360,2018.1,307099,36
McFarland Clinic P.C.,234412,2018.1,228324,37
Exscribe Inc.,211427,2018.1,199810,38
StatRad,200972,2018.1,194502,39
Maxi MS,198877,2018.1,167962,40
Delivery.com,193306,2018.1,201158,41
Asembia,171858,2018.1,166305,42
Allscripts - TouchWorks,150216,2018.1,13,43
"Pulse Systems, Inc.",97444,2018.1,60850,44
Pop Healthcare,93175,2018.1,114088,45
Nuance (Testing),29185,2018.1,476,46
athenahealth,0,2018.1,0,47
"DOMA Technologies, LLC",0,2018.1,0,48
Evolution Health,0,2018.1,0,49
"Allscripts Healthcare Solutions, Inc.",10209371,2018.2,10780544,1
GrubHub,3298580,2018.2,3290571,2
"GFI USA, Inc.",2713416,2018.2,2661508,3
Raintree Systems,1841396,2018.2,1829729,4
HelloFax,1780144,2018.2,1888402,5
SCI Solutions - PNM,1733662,2018.2,1773734,6
WorldView Ltd.,1694432,2018.2,1579568,7
IDEXX Laboratories,1687030,2018.2,1735461,8
Nuance - eScription,1633713,2018.2,1711671,9
UHS,1155390,2018.2,1170841,10
Fidelis Care,1129096,2018.2,1143812,11
Envision Healthcare (EMSC),1120854,2018.2,1146714,12
Ensocare (TLC),1105408,2018.2,1189556,13
Agadia,1081896,2018.2,968880,14
eHealth Technologies,948261,2018.2,967656,15
MDIntelleSys,934040,2018.2,893402,16
Acumen Physician Solutions,715092,2018.2,719634,17
"gloStream, Inc.",592114,2018.2,700633,18
CoreDial,565806,2018.2,599263,19
Alere Inc.,478379,2018.2,473291,20
Shoppers Drug Mart Inc,469351,2018.2,472115,21
Valence Health,447537,2018.2,429203,22
Voluware,432946,2018.2,429464,23
Beyondmenu.com,419199,2018.2,378920,24
"DMSi, Inc.",383594,2018.2,378034,25
MedFORCE Technologies,382704,2018.2,392659,26
Se2,356814,2018.2,362353,27
DataCare Corporation,322037,2018.2,332150,28
Allscripts - TouchWorks,310427,2018.2,150216,29
Western Union,309759,2018.2,329716,30
"Virtuox, Inc.",307924,2018.2,317555,31
"Integrated Document Solutions, Inc.",290092,2018.2,284738,32
"Applied Systems, Inc.",251115,2018.2,277586,33
Phoenix Ortho,240764,2018.2,251502,34
CID Management,237499,2018.2,274754,35
"EatStreet, Inc.",236361,2018.2,248545,36
DELTA DENTAL OF MISSOURI,233851,2018.2,246360,37
McFarland Clinic P.C.,232329,2018.2,234412,38
Exscribe Inc.,204556,2018.2,211427,39
StatRad,204393,2018.2,200972,40
Maxi MS,194649,2018.2,198877,41
Delivery.com,180630,2018.2,193306,42
Asembia,169104,2018.2,171858,43
"Pulse Systems, Inc.",103450,2018.2,97444,44
Pop Healthcare,98007,2018.2,93175,45
athenahealth,84826,2018.2,0,46
Nuance (Testing),32555,2018.2,29185,47
"DOMA Technologies, LLC",0,2018.2,0,48
Evolution Health,0,2018.2,0,49
"Allscripts Healthcare Solutions, Inc.",10348542,2018.3,10209371,1
GrubHub,3206546,2018.3,3298580,2
Agadia,2889183,2018.3,1081896,3
HelloFax,1980070,2018.3,1780144,4
Raintree Systems,1976950,2018.3,1841396,5
UHS,1879853,2018.3,1155390,6
"GFI USA, Inc.",1779167,2018.3,2713416,7
SCI Solutions - PNM,1758254,2018.3,1733662,8
Ensocare (TLC),1646759,2018.3,1105408,9
athenahealth,1597176,2018.3,84826,10
WorldView Ltd.,1300626,2018.3,1694432,11
IDEXX Laboratories,1278671,2018.3,1687030,12
Fidelis Care,1169383,2018.3,1129096,13
"DOMA Technologies, LLC",1141326,2018.3,0,14
Nuance - eScription,1100982,2018.3,1633713,15
MDIntelleSys,991547,2018.3,934040,16
Envision Healthcare (EMSC),959425,2018.3,1120854,17
Acumen Physician Solutions,775935,2018.3,715092,18
Alere Inc.,616418,2018.3,478379,19
Allscripts - TouchWorks,583020,2018.3,310427,20
Shoppers Drug Mart Inc,522565,2018.3,469351,21
MedFORCE Technologies,498551,2018.3,382704,22
Asembia,480991,2018.3,169104,23
"Virtuox, Inc.",471501,2018.3,307924,24
Valence Health,449393,2018.3,447537,25
DataCare Corporation,433304,2018.3,322037,26
CoreDial,412041,2018.3,565806,27
"DMSi, Inc.",366235,2018.3,383594,28
Phoenix Ortho,347748,2018.3,240764,29
DELTA DENTAL OF MISSOURI,328745,2018.3,233851,30
"Integrated Document Solutions, Inc.",316203,2018.3,290092,31
Beyondmenu.com,293949,2018.3,419199,32
Evolution Health,286465,2018.3,0,33
Exscribe Inc.,276790,2018.3,204556,34
"Pulse Systems, Inc.",263075,2018.3,103450,35
Delivery.com,238199,2018.3,180630,36
CID Management,236484,2018.3,237499,37
Voluware,225883,2018.3,432946,38
Pop Healthcare,223351,2018.3,98007,39
Western Union,220733,2018.3,309759,40
"EatStreet, Inc.",212557,2018.3,236361,41
"Applied Systems, Inc.",210361,2018.3,251115,42
Maxi MS,201422,2018.3,194649,43
McFarland Clinic P.C.,175419,2018.3,232329,44
StatRad,122900,2018.3,204393,45
"gloStream, Inc.",103875,2018.3,592114,46
Nuance (Testing),64696,2018.3,32555,47
eHealth Technologies,,2018.3,948261,48
Se2,0,2018.3,356814,49
"Allscripts Healthcare Solutions, Inc.",9899650,2018.4,10348542,1
athenahealth,4379210,2018.4,1597176,2
GrubHub,3311924,2018.4,3206546,3
Agadia,2764396,2018.4,2889183,4
Raintree Systems,2073995,2018.4,1976950,5
HelloFax,1919350,2018.4,1980070,6
SCI Solutions - PNM,1805741,2018.4,1758254,7
UHS,1715293,2018.4,1879853,8
"GFI USA, Inc.",1645476,2018.4,1779167,9
Ensocare (TLC),1499640,2018.4,1646759,10
IDEXX Laboratories,1265611,2018.4,1278671,11
WorldView Ltd.,1150769,2018.4,1300626,12
Fidelis Care,1128143,2018.4,1169383,13
Nuance - eScription,1104165,2018.4,1100982,14
"DOMA Technologies, LLC",1103028,2018.4,1141326,15
Envision Healthcare (EMSC),963211,2018.4,959425,16
MDIntelleSys,945861,2018.4,991547,17
Acumen Physician Solutions,642389,2018.4,775935,18
Allscripts - TouchWorks,570419,2018.4,583020,19
Alere Inc.,567001,2018.4,616418,20
Shoppers Drug Mart Inc,484171,2018.4,522565,21
MedFORCE Technologies,476505,2018.4,498551,22
CoreDial,418656,2018.4,412041,23
Valence Health,414011,2018.4,449393,24
"Virtuox, Inc.",412564,2018.4,471501,25
DataCare Corporation,412469,2018.4,433304,26
"DMSi, Inc.",349241,2018.4,366235,27
Asembia,338301,2018.4,480991,28
Phoenix Ortho,316115,2018.4,347748,29
Evolution Health,305026,2018.4,286465,30
DELTA DENTAL OF MISSOURI,303842,2018.4,328745,31
"Integrated Document Solutions, Inc.",292730,2018.4,316203,32
Beyondmenu.com,275182,2018.4,293949,33
Exscribe Inc.,264205,2018.4,276790,34
"Pulse Systems, Inc.",243470,2018.4,263075,35
CID Management,241103,2018.4,236484,36
Delivery.com,228356,2018.4,238199,37
Pop Healthcare,226935,2018.4,223351,38
Voluware,220891,2018.4,225883,39
Western Union,220433,2018.4,220733,40
"EatStreet, Inc.",210963,2018.4,212557,41
Maxi MS,188979,2018.4,201422,42
"Applied Systems, Inc.",188856,2018.4,210361,43
McFarland Clinic P.C.,165040,2018.4,175419,44
Nuance (Testing),143564,2018.4,64696,45
StatRad,131464,2018.4,122900,46
"gloStream, Inc.",117273,2018.4,103875,47
eHealth Technologies,529,2018.4,0,48
Se2,0,2018.4,0,49
"Allscripts Healthcare Solutions, Inc.",10016226,2018.5,9899650,1
athenahealth,6844483,2018.5,4379210,2
GrubHub,3187462,2018.5,3311924,3
Agadia,2789234,2018.5,2764396,4
Raintree Systems,2385294,2018.5,2073995,5
HelloFax,2030446,2018.5,1919350,6
UHS,1859994,2018.5,1715293,7
SCI Solutions - PNM,1723391,2018.5,1805741,8
"GFI USA, Inc.",1623697,2018.5,1645476,9
Ensocare (TLC),1460497,2018.5,1499640,10
IDEXX Laboratories,1358237,2018.5,1265611,11
WorldView Ltd.,1258814,2018.5,1150769,12
Fidelis Care,1146143,2018.5,1128143,13
"DOMA Technologies, LLC",1139016,2018.5,1103028,14
Nuance - eScription,1092921,2018.5,1104165,15
Envision Healthcare (EMSC),988585,2018.5,963211,16
MDIntelleSys,907364,2018.5,945861,17
Allscripts - TouchWorks,597393,2018.5,570419,18
Acumen Physician Solutions,588099,2018.5,642389,19
Alere Inc.,574253,2018.5,567001,20
Shoppers Drug Mart Inc,516278,2018.5,484171,21
MedFORCE Technologies,499358,2018.5,476505,22
"Virtuox, Inc.",426600,2018.5,412564,23
Valence Health,418579,2018.5,414011,24
CoreDial,403943,2018.5,418656,25
DataCare Corporation,400690,2018.5,412469,26
"DMSi, Inc.",343515,2018.5,349241,27
Phoenix Ortho,321268,2018.5,316115,28
Evolution Health,310700,2018.5,305026,29
Asembia,308555,2018.5,338301,30
"Integrated Document Solutions, Inc.",302467,2018.5,292730,31
DELTA DENTAL OF MISSOURI,291797,2018.5,303842,32
Nuance (Testing),270565,2018.5,143564,33
Beyondmenu.com,265713,2018.5,275182,34
Exscribe Inc.,247399,2018.5,264205,35
"Pulse Systems, Inc.",241292,2018.5,243470,36
Delivery.com,222754,2018.5,228356,37
Voluware,218482,2018.5,220891,38
Western Union,215207,2018.5,220433,39
Pop Healthcare,206236,2018.5,226935,40
"Applied Systems, Inc.",203955,2018.5,188856,41
CID Management,196173,2018.5,241103,42
Maxi MS,180072,2018.5,188979,43
"EatStreet, Inc.",165651,2018.5,210963,44
McFarland Clinic P.C.,163627,2018.5,165040,45
"gloStream, Inc.",125221,2018.5,117273,46
StatRad,91951,2018.5,131464,47
eHealth Technologies,73883,2018.5,529,48
Se2,0,2018.5,0,49
"Allscripts Healthcare Solutions, Inc.",10545281,2018.6,10016226,1
athenahealth,10273057,2018.6,6844483,2
GrubHub,2944210,2018.6,3187462,3
Agadia,2896874,2018.6,2789234,4
Raintree Systems,2792941,2018.6,2385294,5
HelloFax,2206260,2018.6,2030446,6
UHS,2004640,2018.6,1859994,7
SCI Solutions - PNM,1785486,2018.6,1723391,8
"GFI USA, Inc.",1702173,2018.6,1623697,9
IDEXX Laboratories,1526018,2018.6,1358237,10
Ensocare (TLC),1520332,2018.6,1460497,11
WorldView Ltd.,1413325,2018.6,1258814,12
Nuance - eScription,1248331,2018.6,1092921,13
Fidelis Care,1188238,2018.6,1146143,14
"DOMA Technologies, LLC",1150382,2018.6,1139016,15
eHealth Technologies,1113228,2018.6,73883,16
MDIntelleSys,1044028,2018.6,907364,17
Envision Healthcare (EMSC),1031674,2018.6,988585,18
Allscripts - TouchWorks,714755,2018.6,597393,19
Acumen Physician Solutions,651705,2018.6,588099,20
Alere Inc.,594850,2018.6,574253,21
Shoppers Drug Mart Inc,514158,2018.6,516278,22
MedFORCE Technologies,497309,2018.6,499358,23
"Virtuox, Inc.",470908,2018.6,426600,24
CoreDial,463695,2018.6,403943,25
Valence Health,432169,2018.6,418579,26
DataCare Corporation,425378,2018.6,400690,27
"DMSi, Inc.",382091,2018.6,343515,28
"Integrated Document Solutions, Inc.",343658,2018.6,302467,29
Exscribe Inc.,316131,2018.6,247399,30
Phoenix Ortho,307051,2018.6,321268,31
DELTA DENTAL OF MISSOURI,306365,2018.6,291797,32
Evolution Health,299313,2018.6,310700,33
Beyondmenu.com,282157,2018.6,265713,34
Nuance (Testing),270084,2018.6,270565,35
Asembia,258862,2018.6,308555,36
"Pulse Systems, Inc.",254086,2018.6,241292,37
Western Union,245130,2018.6,215207,38
Delivery.com,244750,2018.6,222754,39
"Applied Systems, Inc.",235825,2018.6,203955,40
Voluware,226839,2018.6,218482,41
CID Management,210631,2018.6,196173,42
Pop Healthcare,199752,2018.6,206236,43
Maxi MS,181703,2018.6,180072,44
McFarland Clinic P.C.,160187,2018.6,163627,45
"gloStream, Inc.",133064,2018.6,125221,46
"EatStreet, Inc.",107016,2018.6,165651,47
StatRad,98216,2018.6,91951,48
Se2,0,2018.6,0,49
athenahealth,15674791,2018.7,10273057,1
"Allscripts Healthcare Solutions, Inc.",9238772,2018.7,10545281,2
GrubHub,2810952,2018.7,2944210,3
Agadia,2558467,2018.7,2896874,4
Raintree Systems,2417165,2018.7,2792941,5
HelloFax,1962201,2018.7,2206260,6
UHS,1823730,2018.7,2004640,7
IDEXX Laboratories,1582720,2018.7,1526018,8
SCI Solutions - PNM,1558649,2018.7,1785486,9
"GFI USA, Inc.",1502396,2018.7,1702173,10
Ensocare (TLC),1357030,2018.7,1520332,11
Nuance - eScription,1285555,2018.7,1248331,12
"DOMA Technologies, LLC",1100482,2018.7,1150382,13
WorldView Ltd.,1094800,2018.7,1413325,14
Fidelis Care,1079957,2018.7,1188238,15
eHealth Technologies,1079437,2018.7,1113228,16
MDIntelleSys,928054,2018.7,1044028,17
Envision Healthcare (EMSC),906363,2018.7,1031674,18
Allscripts - TouchWorks,695594,2018.7,714755,19
Acumen Physician Solutions,624424,2018.7,651705,20
Alere Inc.,534601,2018.7,594850,21
Shoppers Drug Mart Inc,474980,2018.7,514158,22
MedFORCE Technologies,468082,2018.7,497309,23
"Virtuox, Inc.",414848,2018.7,470908,24
CoreDial,413542,2018.7,463695,25
Valence Health,398797,2018.7,432169,26
DataCare Corporation,352331,2018.7,425378,27
"DMSi, Inc.",321193,2018.7,382091,28
Exscribe Inc.,315824,2018.7,316131,29
Phoenix Ortho,300552,2018.7,307051,30
"Integrated Document Solutions, Inc.",281244,2018.7,343658,31
Evolution Health,276950,2018.7,299313,32
DELTA DENTAL OF MISSOURI,264412,2018.7,306365,33
Nuance (Testing),255837,2018.7,270084,34
Beyondmenu.com,243643,2018.7,282157,35
Western Union,240334,2018.7,245130,36
Delivery.com,223472,2018.7,244750,37
CID Management,221254,2018.7,210631,38
"Pulse Systems, Inc.",218283,2018.7,254086,39
"Applied Systems, Inc.",208069,2018.7,235825,40
Asembia,206081,2018.7,258862,41
Maxi MS,201505,2018.7,181703,42
Pop Healthcare,197496,2018.7,199752,43
Voluware,182572,2018.7,226839,44
McFarland Clinic P.C.,167402,2018.7,160187,45
"gloStream, Inc.",124969,2018.7,133064,46
"EatStreet, Inc.",122050,2018.7,107016,47
StatRad,68170,2018.7,98216,48
Se2,0,2018.7,0,49
athenahealth,20880225,2018.8,15674791,1
"Allscripts Healthcare Solutions, Inc.",10603299,2018.8,9238772,2
GrubHub,3331819,2018.8,2810952,3
Raintree Systems,2998656,2018.8,2417165,4
WorldView Ltd.,2839657,2018.8,1094800,5
Agadia,2488340,2018.8,2558467,6
HelloFax,2158144,2018.8,1962201,7
UHS,1784050,2018.8,1823730,8
SCI Solutions - PNM,1680543,2018.8,1558649,9
IDEXX Laboratories,1662111,2018.8,1582720,10
"GFI USA, Inc.",1583956,2018.8,1502396,11
Nuance - eScription,1487906,2018.8,1285555,12
Ensocare (TLC),1431575,2018.8,1357030,13
Fidelis Care,1267634,2018.8,1079957,14
MDIntelleSys,1150125,2018.8,928054,15
"DOMA Technologies, LLC",1118588,2018.8,1100482,16
Envision Healthcare (EMSC),1097189,2018.8,906363,17
eHealth Technologies,1069886,2018.8,1079437,18
Allscripts - TouchWorks,891674,2018.8,695594,19
Acumen Physician Solutions,739010,2018.8,624424,20
Alere Inc.,637506,2018.8,534601,21
MedFORCE Technologies,528970,2018.8,468082,22
CoreDial,518369,2018.8,413542,23
Shoppers Drug Mart Inc,506366,2018.8,474980,24
Se2,505574,2018.8,0,25
"DMSi, Inc.",465084,2018.8,321193,26
"Virtuox, Inc.",408622,2018.8,414848,27
Valence Health,403434,2018.8,398797,28
Phoenix Ortho,345156,2018.8,300552,29
Exscribe Inc.,344399,2018.8,315824,30
Nuance (Testing),317572,2018.8,255837,31
Beyondmenu.com,317305,2018.8,243643,32
Evolution Health,314613,2018.8,276950,33
"Integrated Document Solutions, Inc.",309552,2018.8,281244,34
DataCare Corporation,309418,2018.8,352331,35
Western Union,291890,2018.8,240334,36
CID Management,269638,2018.8,221254,37
StatRad,247735,2018.8,68170,38
DELTA DENTAL OF MISSOURI,244165,2018.8,264412,39
"EatStreet, Inc.",235437,2018.8,122050,40
Delivery.com,222404,2018.8,223472,41
Asembia,214179,2018.8,206081,42
"Pulse Systems, Inc.",210344,2018.8,218283,43
"Applied Systems, Inc.",210296,2018.8,208069,44
Maxi MS,202514,2018.8,201505,45
McFarland Clinic P.C.,197529,2018.8,167402,46
Pop Healthcare,173935,2018.8,197496,47
"gloStream, Inc.",104991,2018.8,124969,48
Voluware,1275,2018.8,182572,49
athenahealth,20575276,2018.9,20880225,1
"Allscripts Healthcare Solutions, Inc.",9902835,2018.9,10603299,2
GrubHub,3174413,2018.9,3331819,3
WorldView Ltd.,2924320,2018.9,2839657,4
"GFI USA, Inc.",2610183,2018.9,1583956,5
Raintree Systems,2225421,2018.9,2998656,6
Agadia,2087033,2018.9,2488340,7
HelloFax,1933707,2018.9,2158144,8
IDEXX Laboratories,1626987,2018.9,1662111,9
SCI Solutions - PNM,1533564,2018.9,1680543,10
UHS,1499535,2018.9,1784050,11
Nuance - eScription,1375667,2018.9,1487906,12
Ensocare (TLC),1257570,2018.9,1431575,13
Fidelis Care,1146523,2018.9,1267634,14
"DOMA Technologies, LLC",1050806,2018.9,1118588,15
eHealth Technologies,1041713,2018.9,1069886,16
MDIntelleSys,1031159,2018.9,1150125,17
Envision Healthcare (EMSC),1015500,2018.9,1097189,18
Allscripts - TouchWorks,823655,2018.9,891674,19
Acumen Physician Solutions,655947,2018.9,739010,20
Alere Inc.,628394,2018.9,637506,21
CoreDial,562080,2018.9,518369,22
Shoppers Drug Mart Inc,507263,2018.9,506366,23
MedFORCE Technologies,465500,2018.9,528970,24
Voluware,464303,2018.9,1275,25
Valence Health,394922,2018.9,403434,26
Se2,376411,2018.9,505574,27
"DMSi, Inc.",322257,2018.9,465084,28
Beyondmenu.com,322042,2018.9,317305,29
Phoenix Ortho,315848,2018.9,345156,30
Nuance (Testing),307785,2018.9,317572,31
Western Union,287955,2018.9,291890,32
DataCare Corporation,285372,2018.9,309418,33
Exscribe Inc.,282281,2018.9,344399,34
"Virtuox, Inc.",270611,2018.9,408622,35
"Integrated Document Solutions, Inc.",259997,2018.9,309552,36
McFarland Clinic P.C.,235763,2018.9,197529,37
"gloStream, Inc.",234907,2018.9,104991,38
Evolution Health,224815,2018.9,314613,39
Asembia,221091,2018.9,214179,40
CID Management,210302,2018.9,269638,41
"EatStreet, Inc.",205228,2018.9,235437,42
StatRad,202461,2018.9,247735,43
DELTA DENTAL OF MISSOURI,198018,2018.9,244165,44
"Pulse Systems, Inc.",197707,2018.9,210344,45
Pop Healthcare,187761,2018.9,173935,46
Maxi MS,185662,2018.9,202514,47
"Applied Systems, Inc.",172504,2018.9,210296,48
Delivery.com,168367,2018.9,222404,49
athenahealth,23021198,2019,20575276,1
"Allscripts Healthcare Solutions, Inc.",9891960,2019,9902835,2
GrubHub,3017897,2019,3174413,3
WorldView Ltd.,2905243,2019,2924320,4
Agadia,2564092,2019,2087033,5
"GFI USA, Inc.",2275808,2019,2610183,6
Raintree Systems,2130381,2019,2225421,7
HelloFax,1800268,2019,1933707,8
IDEXX Laboratories,1506685,2019,1626987,9
UHS,1473271,2019,1499535,10
SCI Solutions - PNM,1389977,2019,1533564,11
Ensocare (TLC),1367326,2019,1257570,12
Nuance - eScription,1355178,2019,1375667,13
Fidelis Care,1084842,2019,1146523,14
MDIntelleSys,1043747,2019,1031159,15
Envision Healthcare (EMSC),1038273,2019,1015500,16
eHealth Technologies,907566,2019,1041713,17
"DOMA Technologies, LLC",874819,2019,1050806,18
Allscripts - TouchWorks,873650,2019,823655,19
Acumen Physician Solutions,563322,2019,655947,20
CoreDial,533197,2019,562080,21
Shoppers Drug Mart Inc,503081,2019,507263,22
MedFORCE Technologies,474622,2019,465500,23
Alere Inc.,433191,2019,628394,24
Evolution Health,428695,2019,224815,25
Se2,384415,2019,376411,26
Voluware,371685,2019,464303,27
Valence Health,370680,2019,394922,28
Beyondmenu.com,337770,2019,322042,29
Phoenix Ortho,285746,2019,315848,30
Nuance (Testing),277772,2019,307785,31
"Integrated Document Solutions, Inc.",272250,2019,259997,32
Western Union,263435,2019,287955,33
DataCare Corporation,261010,2019,285372,34
"DMSi, Inc.",259858,2019,322257,35
Exscribe Inc.,259637,2019,282281,36
"Applied Systems, Inc.",259141,2019,172504,37
Pop Healthcare,257420,2019,187761,38
"Virtuox, Inc.",245282,2019,270611,39
StatRad,218901,2019,202461,40
McFarland Clinic P.C.,212611,2019,235763,41
"gloStream, Inc.",207397,2019,234907,42
CID Management,204385,2019,210302,43
Asembia,203228,2019,221091,44
"EatStreet, Inc.",195024,2019,205228,45
Delivery.com,187429,2019,168367,46
Maxi MS,187079,2019,185662,47
"Pulse Systems, Inc.",181230,2019,197707,48
DELTA DENTAL OF MISSOURI,178642,2019,198018,49
